Customer Name,Sales,Revenue_%,Cum_%,Segment
Mraz-Kutch Pharma Plc,93561780.0,0.7929644715060582,0.7929644715060582,Platinum
"Parker, Green and Emmerich Pharma Plc",64890501.0,0.5499666833105178,1.342931154816576,Platinum
Zemlak-Witting ,56006680.0,0.4746736050448048,1.817604759861381,Platinum
"Moen, Murazik and Smith Pharm",50885320.0,0.43126852525910314,2.2488732851204842,Platinum
Mills Inc Pharmaceutical Ltd,45939009.0,0.3893470388570744,2.6382203239775586,Platinum
Streich PLC ,44454616.0,0.37676635782736023,3.0149866818049187,Platinum
"Gleichner, Bahringer and Morar Pharmaceutical Limited",43779381.0,0.3710435363406656,3.386030218145584,Platinum
Reichel Inc ,43495626.0,0.36863862662633357,3.754668844771918,Platinum
"Romaguera, Moen and Hagenes Pharmacy",42066659.9681,0.356527705967431,4.111196550739349,Platinum
"Torphy, Pfeffer and Jakubowski Pharm",41514215.0,0.3518455672547473,4.463042117994096,Platinum
"Kuphal, Herzog and Purdy ",40796789.0,0.345765164242591,4.808807282236687,Platinum
Raynor-Graham ,40464749.0,0.3429510245039192,5.151758306740606,Platinum
Fadel-West Pharmacy,40355816.0,0.3420277842793898,5.493786091019996,Platinum
Goldner-Tillman Pharm,37935553.0,0.3215153210630992,5.8153014120830955,Platinum
Stehr-Champlin Pharmacy,37465602.0,0.3175323437581704,6.132833755841266,Platinum
Hayes-Kilback Pharmaceutical Limited,37181108.0,0.31512117079463076,6.447954926635896,Platinum
"Prohaska, Bogisich and Gutkowski Pharmaceutical Limited",37037760.0,0.313906253003825,6.761861179639721,Platinum
Fadel-West Pharmaceutical Ltd,36767294.0,0.31161397159628496,7.073475151236006,Platinum
"Runolfsson, Swaniawski and Jaskolski Pharmaceutical Limited",36479210.0,0.30917237229356376,7.38264752352957,Platinum
Kozey Ltd Pharma Plc,36209584.0,0.306887210140874,7.6895347336704445,Platinum
"Haag, Bradtke and Terry ",36155634.0,0.3064299675228119,7.995964701193256,Platinum
"Buckridge, Hand and Hyatt Pharmaceutical Ltd",36107411.0,0.3060212629672825,8.301985964160538,Platinum
Predovic LLC Pharmaceutical Limited,35118268.0,0.2976379759430412,8.59962394010358,Platinum
Reilly Ltd Pharmacy,34834844.0,0.2952358715541322,8.894859811657712,Platinum
Bayer LLC ,34834444.0,0.295232481432775,9.190092293090487,Platinum
Abernathy Group Pharmacy,34635271.0,0.2935444298300449,9.483636722920531,Platinum
"Barrows, Zboncak and Reichert Pharm",34539524.0,0.29273294495605806,9.776369667876589,Platinum
Marquardt-Ryan Pharma Plc,33961522.0,0.28783420264419257,10.064203870520782,Platinum
Senger-Kirlin Pharmaceutical Ltd,33714954.0,0.28574446403714276,10.349948334557924,Platinum
Buckridge-Strosin Pharmaceutical Ltd,33261230.3419,0.28189901837808123,10.631847352936004,Platinum
Wehner-Stehr ,33097541.0,0.28051170154324867,10.912359054479253,Platinum
"Wiegand, Jast and Yost Pharmaceutical Ltd",33075207.0,0.28032241411726533,11.192681468596518,Platinum
Runolfsson-Halvorson Pharm,31642569.0,0.26818037241466525,11.460861841011184,Platinum
McDermott Inc Pharmacy,31550539.0,0.2674003902433908,11.728262231254575,Platinum
"Bogan, Jacobs and Kris Pharmaceutical Ltd",31085593.0,0.2634598318319448,11.99172206308652,Platinum
"Langworth, Olson and Satterfield Pharmacy",31072449.0,0.26334843244414485,12.255070495530665,Platinum
"Schowalter, Runolfsson and VonRueden Pharmaceutical Limited",31069500.0,0.26332343877443837,12.518393934305104,Platinum
Hoeger Ltd Pharm,30914624.0,0.26201081768611606,12.78040475199122,Platinum
Smith Inc Pharmacy,30887275.0,0.26177902661361596,13.042183778604837,Platinum
"Watsica, Larson and Labadie Pharmaceutical Ltd",30633647.0,0.25962945236461027,13.301813230969447,Platinum
Zemlak Group Pharm,30580526.0,0.25917923577306107,13.560992466742508,Platinum
Runolfsson-Powlowski Pharmacy,30369421.0,0.2573900568502436,13.818382523592751,Platinum
Gottlieb-Koss Pharm,30339224.0,0.2571341281136797,14.075516651706431,Platinum
Buckridge-Strosin Pharma Plc,30221186.0,0.2561337202517554,14.331650371958187,Platinum
Heidenreich Group Pharmacy,30216194.0,0.25609141153721665,14.587741783495403,Platinum
Corkery-Kovacek Pharm,30091420.0,0.2550339140316359,14.842775697527038,Platinum
Bosco-Marquardt Pharmaceutical Ltd,29978482.0,0.2540767302170168,15.096852427744055,Platinum
McDermott Inc Pharma Plc,29943117.0,0.25377700111251694,15.350629428856573,Platinum
"Parker, Green and Emmerich Pharmacy",29336133.0,0.24863262755771032,15.599262056414283,Platinum
"Heathcote, Grant and Witting Pharmacy",29273736.0,0.248103794051886,15.847365850466169,Platinum
"Funk, Ratke and Heaney ",29152180.0,0.2470735700726245,16.094439420538794,Platinum
"Balistreri, Torp and Gulgowski ",28802458.0,0.24410957001935446,16.33854899055815,Platinum
Quigley-Heathcote Pharmaceutical Ltd,28708135.0,0.2433101539773994,16.58185914453555,Platinum
"Spinka, Schowalter and Conn Pharma Plc",28704816.0,0.24328202444543748,16.825141168980988,Platinum
McKenzie-Zemlak Pharma Plc,28444161.0,0.24107289423948788,17.066214063220475,Platinum
Schulist-Zulauf ,28393501.0,0.2406435353695893,17.306857598590064,Platinum
"Cormier, Dietrich and Zulauf Pharmacy",28329883.0,0.24010435351832193,17.546961952108386,Platinum
"Kuphal, D'Amore and Bode Pharm",28307927.0,0.2399182697570212,17.786880221865406,Platinum
Medhurst-Beer Pharm,28268206.0,0.23958162223094068,18.026461844096346,Platinum
Rutherford and Sons Pharm,28046966.0,0.23770654610823333,18.264168390204578,Platinum
Osinski-Collins ,28011167.0,0.23740313872206084,18.50157152892664,Platinum
Funk and Sons Pharmacy,27629333.6,0.234166984811411,18.73573851373805,Platinum
Hill-Daniel Pharmaceutical Ltd,27600353.0,0.23392136543389455,18.969659879171942,Platinum
"Beer, Kohler and Beatty ",27426626.0,0.23244897640130735,19.20210885557325,Platinum
"Herman, Rice and Rippin Pharmaceutical Limited",27376951.0,0.2320279657052511,19.4341368212785,Platinum
"Harris, Daugherty and Okuneva Pharm",27261177.0,0.231046745930209,19.665183567208707,Platinum
Barrows Inc Pharmacy,26895847.0,0.22795046334157815,19.893134030550286,Platinum
"Koch, Borer and Hagenes Pharm",26877575.0,0.22779560259797793,20.120929633148265,Platinum
Barton Ltd Pharm,26870627.0,0.22773671619000213,20.348666349338266,Platinum
Veum and Sons Pharmaceutical Limited,26826785.0,0.22736514193863827,20.576031491276904,Platinum
Keeling LLC Pharmaceutical Limited,26532373.0,0.22486991091604505,20.80090140219295,Platinum
Kohler-Bednar Pharm,26531140.0,0.22485946086696126,21.02576086305991,Platinum
D'Amore and Sons Pharm,26467886.0,0.224323364026129,21.25008422708604,Platinum
Skiles-McKenzie Pharmaceutical Limited,26418367.0,0.22390367547740203,21.473987902563444,Platinum
Rosenbaum-Tromp Pharmacy,26339532.0,0.22323552493440066,21.697223427497843,Platinum
Gulgowski-Vandervort Pharma Plc,26263639.0,0.22259230873398192,21.919815736231826,Platinum
Dach PLC Pharm,26222321.0,0.2222421261483825,22.14205786238021,Platinum
Raynor LLC Pharmaceutical Limited,26220594.0,0.2222274892994225,22.364285351679634,Platinum
Kihn Group ,26209384.0,0.2221324811483849,22.58641783282802,Platinum
"Corkery, Trantow and Ferry Pharm",26198762.0,0.22204245647574253,22.80846028930376,Platinum
Veum and Sons Pharmaceutical Ltd,26177593.0,0.22186304277821228,23.030323332081974,Platinum
Cassin PLC Pharma Plc,26126485.0,0.2214298869723936,23.25175321905437,Platinum
Buckridge-Davis Pharmaceutical Limited,26096674.0,0.2211772297029395,23.472930448757307,Platinum
McCullough LLC Pharmaceutical Ltd,26009596.0,0.22043921723406806,23.693369665991376,Platinum
"Bernier, Murphy and Rau Pharmaceutical Limited",25860721.0,0.21917745644140824,23.912547122432784,Platinum
Leannon-West Pharmaceutical Limited,25826483.0,0.21888727900383248,24.131434401436618,Platinum
Schuppe Inc Pharm,25768671.0,0.21839730476406588,24.349831706200682,Platinum
Schaefer-Rolfson Pharmacy,25752521.0,0.21826042861426603,24.568092134814947,Platinum
Leffler-Russel Pharmaceutical Limited,25721319.0,0.217995982197792,24.78608811701274,Platinum
Powlowski-Buckridge Pharmacy,25692654.0,0.21775303762602646,25.003841154638764,Platinum
Streich PLC Pharm,25646105.0,0.21735852072837727,25.221199675367142,Platinum
Nader-Borer Pharm,25575623.0,0.2167611643946191,25.43796083976176,Platinum
Bosco-Marquardt Pharmaceutical Limited,25433148.0,0.21555364554367565,25.653514485305436,Platinum
Beier PLC Pharm,25378116.40704,0.21508723609712957,25.868601721402566,Platinum
"Nitzsche, Effertz and Maggio ",25339434.0,0.21475939096148705,26.083361112364052,Platinum
"Zieme, Doyle and Kunze Pharm",25305007.0,0.21446761169157,26.297828724055623,Platinum
"Wuckert, Kreiger and Howell Pharma Plc",25290286.0,0.214342846750319,26.512171570805943,Platinum
"Buckridge, Dach and Carroll Pharmaceutical Ltd",25142017.0,0.21308622199151545,26.725257792797457,Platinum
Abernathy Group ,24876667.0,0.21083730023613484,26.936095093033593,Platinum
Barrows-Kohler Pharma Plc,24862159.0,0.21071434053450658,27.146809433568098,Platinum
"Kuphal, Herzog and Purdy Pharmaceutical Limited",24833458.0,0.21047109085181887,27.357280524419917,Platinum
Botsford PLC ,24768128.0,0.20991739928114236,27.56719792370106,Platinum
"Johns, Mueller and Nitzsche ",24712891.0,0.20944924894761321,27.776647172648673,Platinum
Armstrong Inc Pharm,24643385.0,0.2088601645099668,27.98550733715864,Platinum
Torp-Fisher ,24617043.0,0.20863690806798363,28.194144245226624,Platinum
Gibson-Hill Pharmaceutical Limited,24554301.0,0.20810515058248863,28.402249395809115,Platinum
"Casper, Hyatt and Jakubowski Pharmaceutical Ltd",24533946.0,0.20793263578192048,28.610182031591034,Platinum
Kozey-Emmerich Pharmacy,24471675.0,0.20740487016432368,28.81758690175536,Platinum
Fritsch LLC Pharmaceutical Ltd,24462902.0,0.2073305163276553,29.024917418083014,Platinum
Mills Inc Pharmacy,24461745.0,0.2073207104016294,29.232238128484642,Platinum
Trantow LLC Pharmacy,24450589.0,0.20722615991697504,29.439464288401616,Platinum
Friesen Group Pharm,24254576.0,0.20556489027296745,29.645029178674584,Platinum
Huel Inc Pharm,24169351.0,0.20484258254128362,29.849871761215866,Platinum
Fahey-Prosacco Pharmaceutical Limited,24011986.0,0.20350886642281568,30.05338062763868,Platinum
Huels-Klein ,23946371.0,0.2029527593906721,30.256333387029354,Platinum
Schaefer Group ,23902163.2,0.20257808487332704,30.45891147190268,Platinum
"Leuschke, Waters and Schowalter Pharmacy",23867707.0,0.20228605812455092,30.66119753002723,Platinum
Daugherty-Rempel Pharm,23762988.0,0.20139853282852038,30.86259606285575,Platinum
"Kilback, Beer and Batz ",23566905.0,0.19973666991327527,31.062332732769026,Platinum
Haley PLC Pharmacy,23473886.0,0.19894830566694494,31.26128103843597,Platinum
"Rodriguez, Stokes and Dickens Pharma Plc",23460867.0,0.19883796569206913,31.46011900412804,Platinum
Mayert-Weber Pharmaceutical Ltd,23393254.0,0.19826492500374598,31.658383929131784,Platinum
Sauer-Herzog Pharmaceutical Limited,23371565.0,0.19808110414845126,31.856465033280234,Platinum
"Fritsch, Hodkiewicz and Sipes Pharma Plc",23370239.0,0.1980698658961519,32.05453489917639,Platinum
Harris-Conroy Pharm,23313821.0,0.19759170622931543,32.25212660540571,Platinum
"Daniel, Baumbach and Nitzsche ",23306130.0,0.19752652267091847,32.449653128076626,Platinum
Hoeger Ltd ,23303292.0,0.19750246975988864,32.647155597836516,Platinum
"Nitzsche, Effertz and Maggio Pharmaceutical Limited",23174533.0,0.19641119817028602,32.843566796006805,Platinum
Kertzmann-Ward Pharmaceutical Limited,23151949.0,0.19621979191845443,33.039786587925256,Platinum
Rogahn-Klein Pharma Plc,23135473.0,0.1960801528197484,33.235866740745,Platinum
Mraz Group Pharma Plc,23133178.0,0.19606070199846104,33.431927442743465,Platinum
"Wunsch, Mills and Walter Pharmaceutical Limited",23000519.0,0.19493637672562503,33.62686381946909,Platinum
Herman-Koss Pharmaceutical Ltd,22849800.0,0.19365898747350818,33.82052280694259,Platinum
"Crist, Wisoky and Nolan Pharm",22827209.0,0.19346752189455282,34.013990328837146,Platinum
Hartmann-Wolf Pharmacy,22818672.0,0.19339516822948521,34.20738549706663,Platinum
Yundt-Crona Pharm,22630547.0,0.19180075177864306,34.399186248845275,Platinum
Monahan Ltd Pharma Plc,22617294.0,0.1916884285827732,34.59087467742805,Platinum
Rohan Inc Pharmaceutical Limited,22613614.0,0.1916572394662863,34.782531916894335,Platinum
Goldner-Tillman Pharmacy,22575320.0,0.19133268619814783,34.97386460309248,Platinum
"Steuber, Hills and Botsford ",22559996.0,0.19120281064895073,35.16506741374143,Platinum
"Reinger, Kihn and Goyette Pharmaceutical Limited",22515286.0,0.1908238798342416,35.355891293575674,Platinum
Turner Ltd Pharmacy,22473558.0,0.19047022237425093,35.546361515949926,Platinum
Corkery-Kovacek Pharma Plc,22438560.0,0.1901736037060964,35.736535119656025,Platinum
Beier PLC Pharma Plc,22310763.0,0.18909048535835804,35.92562560501438,Platinum
Gleason PLC Pharmaceutical Limited,22282456.0,0.18885057494520727,36.11447617995959,Platinum
Tillman Group Pharma Plc,22217841.0,0.18830294321645688,36.302779123176045,Platinum
Jakubowski Inc Pharmacy,22199526.0,0.18814771803481076,36.49092684121086,Platinum
Feest PLC Pharmaceutical Limited,22126737.0,0.1875308091761245,36.67845765038698,Platinum
"Heathcote, Grant and Witting Pharmaceutical Limited",22097548.0,0.18728342354538094,36.86574107393236,Platinum
"Erdman, Senger and Oberbrunner Pharmacy",22043224.0,0.18682301116384978,37.052564085096215,Platinum
Koss-Beier Pharmacy,22042100.202429,0.18681348663848302,37.2393775717347,Platinum
Roob PLC Pharmaceutical Limited,22007985.0,0.18652434994757747,37.425901921682275,Platinum
Powlowski-Buckridge ,21966431.0,0.1861721671903772,37.61207408887265,Platinum
"Wunsch, Mills and Walter Pharm",21947346.0,0.18601041602511836,37.79808450489777,Platinum
Miller-Satterfield Pharmaceutical Limited,21825298.0,0.1849760221965874,37.98306052709436,Platinum
Kozey Ltd Pharmacy,21782008.0,0.1846091263126966,38.16766965340705,Platinum
Will and Sons Pharmacy,21770674.0,0.1845130672240383,38.35218272063109,Platinum
Cassin PLC Pharmaceutical Limited,21760605.0,0.18442772939417235,38.536610450025265,Platinum
"Reynolds, Jast and Mante ",21740500.0,0.18425733341945244,38.72086778344472,Platinum
Schulist LLC Pharmaceutical Limited,21735153.778894,0.18421202257357205,38.90507980601829,Platinum
Kihn Group Pharmaceutical Limited,21723459.0,0.18411290577432923,39.08919271179262,Platinum
Fahey-Flatley Pharmaceutical Ltd,21702505.0,0.18393531426702853,39.27312802605965,Platinum
Doyle-Tillman Pharmaceutical Limited,21692895.0,0.18385386660142006,39.45698189266107,Platinum
Graham and Sons Pharm,21646429.68342,0.18346005894614434,39.640441951607215,Platinum
Raynor LLC Pharm,21622957.0,0.18326112083270776,39.823703072439926,Platinum
"Spinka, Schowalter and Conn ",21604758.0,0.18310687878625526,40.00680995122618,Platinum
Rowe PLC Pharm,21546337.0,0.18261174308672223,40.189421694312905,Platinum
Watsica-Kovacek Pharmaceutical Ltd,21523843.0,0.182421099612196,40.371842793925104,Platinum
Quigley-Heathcote Pharm,21522816.0,0.18241239547561122,40.55425518940071,Platinum
Watsica-Kovacek Pharmacy,21508807.0,0.18229366495037613,40.73654885435109,Platinum
"Parisian, Hagenes and Skiles Pharm",21430428.0,0.18162937914572203,40.91817823349682,Platinum
Block-Romaguera ,21344191.0,0.18089849440700426,41.09907672790382,Platinum
Okuneva-Corkery Pharm,21323000.0,0.18071889425279936,41.27979562215662,Platinum
Runte-Marquardt Pharmacy,21319134.0,0.18068612872988132,41.4604817508865,Platinum
Rohan and Sons Pharma Plc,21305652.0,0.18057186468953446,41.641053615576034,Platinum
Murray PLC Pharma Plc,21289048.0,0.18043114075199407,41.821484756328026,Platinum
"Romaguera, Moen and Hagenes Pharm",21255149.0,0.18014383644226864,42.001628592770295,Platinum
Romaguera-Fay Pharmaceutical Ltd,21247656.0,0.18008033099394352,42.18170892376424,Platinum
Kohler-Bednar Pharmaceutical Ltd,21231109.0,0.17994009014869655,42.36164901391294,Platinum
Hane Ltd ,21229550.244147,0.17992687921992648,42.541575893132865,Platinum
Reilly Ltd Pharma Plc,21219227.30669,0.17983938919306958,42.721415282325935,Platinum
"Steuber, Skiles and Kilback Pharmacy",21145446.0,0.17921407023412647,42.90062935256006,Platinum
Walsh-Brown Pharmaceutical Ltd,21140465.658291,0.17917186032714102,43.0798012128872,Platinum
Crona PLC Pharmaceutical Ltd,21130726.0,0.17908931376817888,43.25889052665538,Platinum
Dach Ltd Pharma Plc,20993338.0,0.1779249087855965,43.43681543544098,Platinum
"Herman, Rice and Rippin Pharm",20974624.0,0.1777663019578965,43.61458173739887,Platinum
Vandervort LLC Pharmaceutical Ltd,20964778.0,0.17768285412068727,43.79226459151956,Platinum
Roob PLC Pharm,20926781.0,0.17736081801765655,43.969625409537215,Platinum
Purdy Ltd Pharm,20906037.0,0.17718500632406842,44.14681041586128,Platinum
Botsford and Sons ,20852469.0,0.1767310012719025,44.323541417133185,Platinum
Koss Ltd Pharmaceutical Ltd,20745807.31658,0.17582701114449056,44.49936842827768,Platinum
Abernathy and Sons ,20722227.0,0.1756271608073678,44.67499558908504,Platinum
"Hirthe, Williamson and Macejkovic ",20701441.0,0.17545099315103715,44.85044658223608,Platinum
Lemke Ltd Pharma Plc,20699395.0,0.1754336526802947,45.02588023491638,Platinum
Ward Group Pharma Plc,20697185.0,0.17541492225979577,45.201295157176176,Platinum
Heller-Abernathy Pharmaceutical Limited,20685879.0,0.17531910047963245,45.37661425765581,Platinum
Kozey-Emmerich ,20673989.0,0.17521832912228752,45.5518325867781,Platinum
"Reynolds, Jast and Mante Pharm",20640886.0,0.17493777115406306,45.72677035793216,Platinum
Leffler-Russel Pharmaceutical Ltd,20622800.0,0.17478448681689399,45.90155484474906,Platinum
Kutch-Marks Pharmaceutical Limited,20617497.0,0.17473954228299995,46.07629438703206,Platinum
"Sanford, Franecki and Greenholt Pharmaceutical Ltd",20610430.0,0.17467964731392033,46.25097403434598,Platinum
White Inc Pharm,20542811.0,0.17410655577377682,46.425080590119755,Platinum
"Rodriguez, Stokes and Dickens ",20541665.0,0.17409684307608822,46.59917743319584,Platinum
Hill-Daniel ,20537571.0,0.17406214518399654,46.77323957837984,Platinum
Emard-O'Connell Pharmaceutical Ltd,20531534.0,0.17401097977741192,46.94725055815725,Platinum
Hayes-Kilback Pharma Plc,20511137.0,0.1738381090141012,47.12108866717135,Platinum
Bashirian-Kassulke Pharmacy,20508727.0,0.17381768353292365,47.294906350704274,Platinum
"Armstrong, Medhurst and Bogisich Pharmaceutical Ltd",20459841.0,0.1734033598512446,47.468309710555516,Platinum
Kreiger Inc Pharm,20444291.0,0.17327156888348064,47.641581279438995,Platinum
Herman-Koss Pharmaceutical Limited,20436900.04348,0.17320892828460785,47.814790207723604,Platinum
Mraz Group Pharmaceutical Limited,20423132.0,0.17309223993898432,47.987882447662585,Platinum
"Towne, Cummerata and Blanda Pharmaceutical Ltd",20408392.0,0.17296731396696882,48.16084976162956,Platinum
Kris LLC Pharm,20255777.0,0.1716738555396185,48.33252361716917,Platinum
Cummings LLC Pharmaceutical Ltd,20236110.0,0.1715071717477848,48.50403078891696,Platinum
"Corkery, Trantow and Ferry Pharma Plc",20195908.0,0.17116644760077215,48.67519723651773,Platinum
"Beer, Kohler and Beatty Pharmacy",20164440.0,0.17089974675359554,48.84609698327133,Platinum
"Steuber, Skiles and Kilback Pharmaceutical Limited",20126180.0,0.1705754816457724,49.0166724649171,Platinum
"Koelpin, Luettgen and Abernathy Pharmaceutical Ltd",20073196.0,0.1701264261707881,49.18679889108789,Platinum
Fritsch-Hauck Pharmaceutical Ltd,20050325.0,0.16993258750688267,49.356731478594774,Platinum
"Kertzmann, Quitzon and Harris ",20021173.0,0.16968551546236466,49.526416994057136,Platinum
"Leuschke, Waters and Schowalter Pharma Plc",20001994.0,0.16952296761858682,49.69593996167573,Platinum
Emard-O'Connell Pharm,19971681.0,0.16926605574682935,49.86520601742256,Platinum
Rohan Inc Pharm,19951746.0,0.16909710057368627,50.034303117996245,Platinum
"Lebsack, Yost and Heller Pharma Plc",19922088.0,0.1688457400256513,50.2031488580219,Platinum
"Sanford, Franecki and Greenholt Pharma Plc",19908055.0,0.1687268060931348,50.37187566411503,Platinum
Durgan-Rice Pharmaceutical Ltd,19881661.979592,0.16850311723771458,50.54037878135274,Platinum
Buckridge Inc Pharmaceutical Limited,19855032.0,0.16827742008131816,50.70865620143406,Platinum
Rutherford and Sons Pharmaceutical Ltd,19824807.0,0.16802125403625928,50.87667745547032,Platinum
"Reinger, Kihn and Goyette Pharma Plc",19778627.0,0.16762986452556217,51.04430731999589,Platinum
Ondricka-Waters Pharmaceutical Ltd,19729526.0,0.1672137186536536,51.21152103864954,Platinum
Barton Ltd Pharmaceutical Limited,19688697.0,0.1668676804914134,51.37838871914096,Platinum
"Wintheiser, Breitenberg and Gottlieb Pharma Plc",19647009.0,0.16651436204355846,51.544903081184515,Platinum
"Kub, Von and Herzog Pharmaceutical Limited",19622265.0,0.16630464913639761,51.711207730320915,Platinum
"Schmitt, Berge and Haley Pharmaceutical Ltd",19608106.0,0.16618464731565355,51.87739237763657,Platinum
"Cormier, Dietrich and Zulauf Pharmaceutical Limited",19559458.0,0.16577234075618208,52.04316471839275,Platinum
"Hirthe, Williamson and Macejkovic Pharmacy",19467179.0,0.16499024823436273,52.20815496662711,Platinum
Jast-Cruickshank Pharmaceutical Ltd,19451890.0,0.16486066932078436,52.373015635947894,Platinum
"Block, Thiel and Kuphal Pharm",19367044.0,0.16414157372908653,52.537157209676984,Platinum
Raynor-Graham Pharma Plc,19343253.0,0.16393993778605936,52.701097147463045,Platinum
Spencer-Jerde Pharmaceutical Limited,19269849.0,0.1633178166157863,52.86441496407883,Platinum
Pfeffer-Kirlin Pharmaceutical Limited,19226447.57143,0.1629499763409581,53.027364940419794,Platinum
Breitenberg-Kuhn Pharma Plc,19173245.0,0.16249906840679146,53.18986400882658,Platinum
Medhurst-Beer ,19090504.0,0.16179781332873625,53.35166182215532,Platinum
Stanton-Cole Pharmacy,19043192.0,0.16139682977459807,53.51305865192992,Platinum
"Prohaska, Bogisich and Gutkowski Pharm",19023462.0,0.1612296120386506,53.67428826396857,Platinum
Fahey-Prosacco Pharmacy,18990780.0,0.16095262217315465,53.835240886141726,Platinum
Jacobs-Jones Pharma Plc,18970897.0,0.16078410771578805,53.99602499385752,Platinum
Barrows Inc Pharmaceutical Limited,18879087.0,0.1600059901112601,54.156030983968776,Platinum
"Nolan, DuBuque and Schultz Pharmacy",18873464.0,0.15995833348028024,54.31598931744906,Platinum
Abernathy and Sons Pharmaceutical Limited,18857078.0,0.15981945715887957,54.47580877460794,Platinum
Gibson-Hill ,18790176.0,0.15925244241126899,54.635061217019214,Platinum
Buckridge Inc Pharm,18752650.0,0.15893439817613647,54.79399561519535,Platinum
Marquardt PLC ,18752095.0,0.15892969438275326,54.952925309578106,Platinum
"Koelpin, Luettgen and Abernathy Pharmacy",18731547.0,0.15875554384863017,55.11168085342673,Platinum
Mann-Waelchi Pharmacy,18720448.0,0.15866147645626924,55.270342329883,Platinum
Hermiston LLC Pharmaceutical Limited,18657693.7652,0.15812961527713232,55.42847194516013,Platinum
Koch-Osinski Pharmacy,18643316.0,0.1580077593549464,55.58647970451508,Platinum
Koss Ltd Pharma Plc,18642972.0,0.15800484385057914,55.744484548365655,Platinum
"Paucek, Keeling and Bruen Pharma Plc",18632011.0,0.1579119460500865,55.90239649441574,Platinum
Bashirian Group Pharmacy,18573169.0,0.15741324224782494,56.05980973666357,Platinum
Erdman PLC ,18568129.0,0.15737052671872329,56.21718026338229,Platinum
Dach PLC ,18546157.0,0.15718430735256833,56.374364570734855,Platinum
Balistreri-Watsica Pharma Plc,18531755.0,0.15706224603309973,56.531426816767954,Platinum
Schuppe Inc ,18530700.0,0.15705330458801992,56.68848012135597,Platinum
Mante-Grady Pharma Plc,18523791.0,0.15699474871687644,56.84547487007285,Platinum
Feest PLC Pharmaceutical Ltd,18496533.0,0.15676372889698512,57.00223859896983,Platinum
Terry-Kub Pharmaceutical Ltd,18492869.0,0.1567326753853525,57.15897127435518,Platinum
Schimmel-Waelchi Pharmaceutical Limited,18476676.0,0.15659543479750673,57.31556670915269,Platinum
"Grimes, Jacobs and Durgan Pharma Plc",18473363.0,0.1565673561173651,57.472134065270055,Platinum
"Buckridge, Dach and Carroll ",18470960.0,0.1565469899633113,57.628681055233365,Platinum
Waelchi LLC Pharmaceutical Limited,18456035.81377,0.1564205029571157,57.78510155819048,Platinum
Turner Ltd ,18452148.0,0.15638755255587877,57.94148911074636,Platinum
"Yundt, Leuschke and Ward Pharma Plc",18451676.0,0.1563835522126772,58.097872662959034,Platinum
Pfannerstill Group ,18414251.0,0.1560663639831874,58.25393902694222,Platinum
Skiles-McKenzie Pharmacy,18389344.0,0.15585526960157345,58.409794296543794,Platinum
Predovic LLC Pharmaceutical Ltd,18361211.0,0.15561683389121306,58.56541113043501,Platinum
Reinger Group Pharmaceutical Limited,18358327.0,0.15559239111622714,58.72100352155124,Platinum
Hane Ltd Pharmaceutical Ltd,18353020.0,0.15554741268111952,58.876550934232355,Platinum
"Funk, Ratke and Heaney Pharma Plc",18351514.0,0.1555346488742094,59.032085583106564,Platinum
Gleason PLC Pharma Plc,18345826.0,0.15548644134850897,59.18757202445507,Platinum
McDermott Group Pharmaceutical Ltd,18297390.0,0.15507593155335686,59.34264795600843,Platinum
Graham and Sons Pharma Plc,18293117.0,0.15503971658195778,59.49768767259039,Platinum
Schmitt LLC Pharma Plc,18286334.0,0.15498222859904187,59.65266990118943,Platinum
Kris LLC Pharmacy,18272447.0,0.15486453206082074,59.80753443325025,Platinum
Fritsch LLC Pharm,18245919.0,0.15463969921240645,59.96217413246265,Platinum
Gerlach PLC Pharmaceutical Ltd,18232829.0,0.1545287574909897,60.116702889953636,Platinum
Monahan Ltd Pharmaceutical Ltd,18213409.0,0.15436416709909412,60.27106705705273,Platinum
"Wisozk, Brekke and Bartoletti Pharmacy",18179497.0,0.15407675261042456,60.425143809663155,Platinum
Gerlach LLC Pharmacy,18156445.25,0.1538813820354308,60.579025191698584,Platinum
VonRueden-Adams Pharm,18137914.0,0.15372432406942593,60.732749515768006,Platinum
Balistreri Group Pharm,18120449.0,0.153576302895664,60.88632581866367,Platinum
Senger-Kirlin Pharma Plc,18104944.0,0.15344489331655273,61.039770711980225,Platinum
"Hansen, Fadel and Schroeder Pharmaceutical Ltd",18099093.0,0.15339530431639922,61.19316601629662,Platinum
"Brakus, Rempel and Harber Pharmacy",18095126.0,0.1533616827878385,61.34652769908446,Platinum
Harris-Conroy Pharmacy,18059065.0,0.153056054872177,61.499583753956635,Platinum
Durgan-Rice Pharmacy,18052321.0,0.15299889742609338,61.65258265138273,Platinum
"Hansen, Fadel and Schroeder Pharma Plc",18012485.0,0.1526612752401226,61.80524392662285,Platinum
"Effertz, Heaney and Tillman Pharma Plc",17984317.0,0.15242254289414348,61.957666469516994,Platinum
"Pfannerstill, Upton and Balistreri Pharmacy",17983292.0,0.15241385570816549,62.11008032522516,Platinum
Crist LLC Pharma Plc,17935445.0,0.15200833786671195,62.26208866309187,Platinum
Schimmel-Waelchi Pharma Plc,17911176.0,0.15180265072866284,62.413891313820535,Platinum
"Blanda, Stehr and Gleason Pharma Plc",17899263.0,0.15170168443933987,62.56559299825987,Platinum
"Wuckert, Kreiger and Howell ",17876232.0,0.1515064897268915,62.717099487986765,Platinum
"Kub, Von and Herzog Pharmaceutical Ltd",17819138.0,0.15102260075496124,62.86812208874173,Platinum
"Steuber, Hills and Botsford Pharma Plc",17795955.0,0.15082611779639712,63.01894820653813,Platinum
Heller-Abernathy Pharma Plc,17794218.0,0.15081139619440317,63.16975960273253,Platinum
Doyle-Tillman Pharm,17738035.0,0.15033522822386408,63.3200948309564,Platinum
Boyer and Sons ,17718374.0,0.15016859528385076,63.47026342624025,Platinum
"Harris, Daugherty and Okuneva Pharmaceutical Limited",17697168.0,0.14998886800009495,63.620252294240345,Platinum
Mann-Waelchi Pharma Plc,17692534.0,0.14994959344417094,63.770201887684514,Platinum
"Roob, Ernser and Kub Pharmacy",17692456.0,0.1499489323705063,63.92015082005502,Platinum
"Greenholt, Donnelly and O'Reilly Pharmaceutical Ltd",17688642.0,0.1499166075633647,64.07006742761838,Platinum
Kuhic LLC ,17671833.0,0.14977414618862872,64.21984157380702,Platinum
Runte-Marquardt Pharm,17661974.0,0.14969058817247533,64.36953216197949,Platinum
Gottlieb-Koss Pharmacy,17658742.0,0.14966319599190858,64.5191953579714,Platinum
"Ondricka, Rosenbaum and Beahan Pharm",17649861.46154,0.14958793073416524,64.66878328870557,Platinum
Barrows-Kohler Pharm,17624215.0,0.1493705691916522,64.81815385789722,Platinum
McKenzie-Zemlak Pharm,17622490.8,0.1493559560735417,64.96750981397075,Platinum
Funk PLC Pharm,17589925.00639,0.14907995109245722,65.11658976506321,Platinum
Hansen Group Pharmacy,17569970.0,0.14891082635908912,65.2655005914223,Platinum
Daugherty-Rempel Pharmaceutical Limited,17559603.0,0.148822962888812,65.41432355431111,Platinum
"Moen, Murazik and Smith Pharmaceutical Ltd",17536137.8882,0.1486240889471521,65.56294764325827,Platinum
Leannon-West ,17512900.0,0.14842714079444025,65.71137478405271,Platinum
Steuber Ltd Pharmaceutical Limited,17510886.0,0.1484100715334064,65.85978485558611,Platinum
"Beahan, Littel and Ondricka Pharma Plc",17506161.0,0.14837002572487362,66.00815488131099,Platinum
"Watsica, Larson and Labadie Pharma Plc",17505127.0,0.14836126226116506,66.15651614357215,Platinum
Terry-Kub Pharma Plc,17495713.0,0.14828147575502165,66.30479761932718,Platinum
Buckridge-Davis Pharmaceutical Ltd,17481679.0,0.14816253334720175,66.45296015267438,Platinum
Lockman Ltd Pharma Plc,17461646.0,0.14799274759432615,66.60095290026871,Platinum
Schulist-Zulauf Pharmaceutical Ltd,17355962.0,0.14709704363052123,66.74804994389923,Platinum
Friesen Group ,17341092.0,0.1469710158690646,66.8950209597683,Platinum
Osinski-Botsford Pharm,17335979.0,0.14692768164281528,67.04194864141112,Platinum
Lockman-Welch Pharmaceutical Limited,17335790.0,0.14692607981047395,67.1888747212216,Platinum
Cartwright-Fay ,17323557.0,0.1468224014240652,67.33569712264566,Platinum
Homenick-Larson Pharmaceutical Ltd,17315988.0,0.1467582518526822,67.48245537449834,Platinum
Jacobs-Jones Pharmaceutical Ltd,17303434.0,0.14665185289388422,67.62910722739223,Platinum
Hermiston and Sons Pharmacy,17283582.0,0.14648360117092277,67.77559082856315,Platinum
Leuschke PLC Pharmaceutical Ltd,17277381.0,0.14643104581458166,67.92202187437773,Platinum
"Johns, Mueller and Nitzsche Pharma Plc",17268947.0,0.1463595651057636,68.0683814394835,Platinum
Nader-Gaylord Pharmacy,17267414.0,0.14634657246566182,68.21472801194916,Platinum
Prohaska-Kuhic Pharma Plc,17250473.0,0.14620299235087794,68.36093100430004,Platinum
Ritchie-Rodriguez Pharmacy,17239990.0,0.14611414574540724,68.50704515004544,Platinum
Runolfsson-Halvorson Pharmacy,17223509.0,0.1459744642701842,68.65301961431562,Platinum
Reinger Group Pharma Plc,17164814.0,0.14547700633752145,68.79849662065314,Platinum
"Block, Thiel and Kuphal Pharmaceutical Limited",17154476.0,0.14538938865104276,68.94388600930418,Platinum
Welch-Orn Pharm,17144623.0,0.14530588148670973,69.08919189079089,Platinum
Carter-Conn Pharm,17098169.0,0.1449121697428829,69.23410406053377,Platinum
"Koch, Borer and Hagenes Pharmaceutical Ltd",17054360.0,0.14454087517653105,69.3786449357103,Platinum
"Kshlerin, Ryan and Leuschke ",16996416.0,0.14404978219671655,69.52269471790702,Platinum
Sauer-Herzog Pharmacy,16994328.0,0.14403208576323157,69.66672680367024,Platinum
Dach Ltd Pharm,16935870.0,0.14353663647747303,69.81026344014772,Platinum
Okuneva-Corkery Pharma Plc,16840527.0,0.14272857562605695,69.95299201577377,Platinum
Paucek PLC ,16824928.0,0.1425963693684267,70.09558838514221,Platinum
"Kutch, Daniel and Ortiz Pharm",16809160.0,0.14246273078452304,70.23805111592674,Platinum
Miller-Satterfield Pharm,16786054.0,0.1422669004243202,70.38031801635105,Platinum
Botsford and Sons Pharma Plc,16780942.0,0.14222357467337426,70.52254159102444,Platinum
"Wintheiser, Breitenberg and Gottlieb ",16754942.0,0.14200321678515154,70.66454480780959,Platinum
"Effertz, Heaney and Tillman Pharm",16753635.0,0.14199213956361667,70.8065369473732,Platinum
Hermiston and Sons Pharmaceutical Ltd,16744798.0,0.14191724330753114,70.94845419068074,Platinum
Cartwright-Fay Pharmaceutical Ltd,16730721.0,0.1417979364616653,71.0902521271424,Platinum
Feest-Roob Pharmaceutical Limited,16699897.0,0.1415366937098739,71.23178882085229,Platinum
Weber Ltd Pharmaceutical Ltd,16649251.0,0.14110745349422285,71.37289627434652,Platinum
Stanton-Cole Pharma Plc,16630149.0,0.1409455582488063,71.51384183259532,Platinum
Pfannerstill Group Pharmaceutical Limited,16547668.0,0.14024650674963335,71.65408833934495,Platinum
Lesch PLC Pharma Plc,16539119.33198,0.14017405419455625,71.79426239353951,Platinum
"Upton, Abernathy and Goodwin Pharm",16472204.0,0.13960692645437034,71.93386931999389,Platinum
Homenick-Larson ,16467605.0,0.1395679485340651,72.07343726852795,Platinum
Franecki Inc Pharmacy,16460568.0,0.13950830782408727,72.21294557635204,Platinum
Gulgowski-Vandervort Pharm,16454043.0,0.13945300646944675,72.3523985828215,Platinum
"Heathcote, Kovacek and Parker ",16331539.0,0.1384147479025685,72.49081333072407,Platinum
Sipes and Sons Pharma Plc,16316094.0,0.13828384684166084,72.62909717756573,Platinum
Pfeffer-Hodkiewicz ,16313574.0,0.13826248907711003,72.76735966664283,Platinum
"Paucek, Keeling and Bruen Pharmaceutical Limited",16291044.0,0.13807154049166165,72.9054312071345,Platinum
Gottlieb-Cruickshank Pharm,16287002.0,0.13803728331534643,73.04346849044984,Platinum
"Casper, Hyatt and Jakubowski Pharmacy",16258870.0,0.13779885608028944,73.18126734653013,Platinum
Pfeffer-Kirlin Pharmacy,16240979.0,0.13764722442728203,73.31891457095742,Platinum
Ondricka Ltd ,16207564.0,0.13736402216439889,73.45627859312182,Platinum
Cremin-Zemlak Pharmaceutical Limited,16188040.0,0.1371985503409504,73.59347714346278,Platinum
Hermiston LLC Pharmaceutical Ltd,16170352.0,0.13704863917453183,73.73052578263732,Platinum
Osinski-Botsford Pharmacy,16144534.0,0.1368298237915267,73.86735560642884,Platinum
Carter-Conn Pharmaceutical Ltd,16124613.0,0.13666098727263112,74.00401659370148,Platinum
"Nolan, DuBuque and Schultz ",16112843.0,0.1365612329516934,74.14057782665317,Platinum
Osinski-Collins Pharma Plc,16098974.0,0.13644368896893336,74.27702151562211,Platinum
"Yundt, Leuschke and Ward ",16091963.0,0.13638426861684377,74.41340578423895,Platinum
Mante-Grady Pharmaceutical Ltd,16037517.0,0.13592282224829863,74.54932860648725,Platinum
Legros-Runte Pharmaceutical Limited,16007135.102041,0.13566532644543544,74.68499393293268,Platinum
Steuber Ltd Pharm,16006057.0,0.1356561892035492,74.82065012213623,Platinum
Paucek PLC Pharm,15993869.0,0.13555289220579309,74.95620301434202,Platinum
Sauer and Sons Pharmacy,15935851.0,0.1350611720535275,75.09126418639555,Platinum
Lockman-Welch ,15920169.0,0.13492826234571564,75.22619244874126,Platinum
Pfeffer-Hodkiewicz Pharm,15917456.0,0.13490526884760995,75.36109771758886,Platinum
Boyer and Sons Pharmaceutical Ltd,15911451.0,0.13485437465073388,75.49595209223959,Platinum
Schaefer-Rolfson Pharma Plc,15895407.0,0.13471839688309367,75.63067048912268,Platinum
"Crist, Wisoky and Nolan Pharmaceutical Limited",15833467.0,0.13419343659092003,75.7648639257136,Platinum
Upton PLC Pharmaceutical Limited,15827332.0,0.13414144060460287,75.8990053663182,Platinum
Block-Romaguera Pharmacy,15793125.0,0.13385152590143234,76.03285689221964,Platinum
"Langworth, Olson and Satterfield Pharm",15772110.0,0.13367341740062466,76.16653030962027,Platinum
Kris LLC Pharmaceutical Ltd,15762953.0,0.13359580904745327,76.30012611866772,Platinum
Veum-Kerluke Pharma Plc,15752854.0,0.13351021695848553,76.4336363356262,Platinum
Kling Inc ,15751199.0,0.13349619033136984,76.56713252595758,Platinum
Mayert-Weber ,15742177.0,0.13341972614415656,76.70055225210173,Platinum
"Denesik, Walter and Beatty Pharmacy",15682041.0,0.13291005529930422,76.83346230740104,Platinum
"Hills, Stroman and Ernser ",15665366.0,0.13276872961522293,76.96623103701626,Platinum
"Gleichner, Bahringer and Morar Pharmacy",15652843.0,0.1326625933908301,77.09889363040709,Platinum
"Towne, Cummerata and Blanda Pharmaceutical Limited",15651019.0,0.13264713443744094,77.23154076484452,Platinum
Parisian Ltd Pharma Plc,15635527.0,0.1325158350372738,77.36405659988179,Platinum
"Will, McGlynn and Fritsch Pharmaceutical Limited",15624628.0,0.13242346270559152,77.49648006258738,Platinum
Cummings LLC ,15615225.0,0.13234376942778545,77.62882383201517,Platinum
"Beahan, Littel and Ondricka ",15585678.0,0.13209334963842712,77.7609171816536,Platinum
Kreiger Inc ,15567095.0,0.13193585307547162,77.89285303472907,Platinum
Crona PLC Pharmacy,15562126.0,0.1318937392929109,78.02474677402198,Platinum
McDermott Group Pharmacy,15516544.0,0.13150741801364293,78.15625419203562,Platinum
Kutch-Marks Pharma Plc,15513302.0,0.13147994108004224,78.28773413311566,Platinum
Hill Ltd Pharmaceutical Limited,15510941.0,0.13145993088873095,78.41919406400439,Platinum
"Blanda, Stehr and Gleason Pharmaceutical Ltd",15502581.0,0.13138907735236396,78.55058314135675,Platinum
"Kshlerin, Ryan and Leuschke Pharm",15476722.0,0.13116991448191967,78.68175305583867,Platinum
Lindgren-Simonis Pharmacy,15471141.0,0.13112261381368234,78.81287566965236,Platinum
Erdman PLC Pharma Plc,15429328.0,0.13076823595290327,78.94364390560526,Platinum
"Wiegand, Jast and Yost ",15396422.0,0.13048934761944725,79.0741332532247,Platinum
Rowe PLC ,15353117.0,0.13012232460600553,79.20425557783071,Platinum
"Kuphal, D'Amore and Bode Pharmacy",15316826.0,0.12981474737056362,79.33407032520127,Platinum
Upton PLC Pharma Plc,15306351.0,0.12972596856752003,79.46379629376878,Platinum
Walsh-Brown Pharma Plc,15306204.0,0.12972472269792124,79.5935210164667,Platinum
Funk PLC Pharma Plc,15286470.0,0.12955747106076018,79.72307848752746,Platinum
Prohaska-Kuhic Pharmaceutical Limited,15249768.0,0.12924641047562369,79.85232489800309,Platinum
Crona Group ,15164236.5,0.1285215050634498,79.98084640306654,Platinum
"Rosenbaum, Klein and Herzog Pharma Plc",15130196.0,0.12823300149829422,80.10907940456482,Gold
Gerlach LLC Pharma Plc,15092746.0,0.1279156013862196,80.23699500595104,Gold
Lemke Ltd Pharmaceutical Limited,15071628.0,0.1277366199291624,80.36473162588021,Gold
Reichel Inc Pharm,15055189.0,0.12759729441668188,80.4923289202969,Gold
"Hills, Stroman and Ernser Pharmaceutical Ltd",15004858.0,0.1271707239215997,80.6194996442185,Gold
Hartmann-Wolf Pharmaceutical Limited,15002150.0,0.12714777280001097,80.74664741701851,Gold
Schaefer Group Pharmaceutical Ltd,14974616.0,0.12691441379638313,80.8735618308149,Gold
Sipes and Sons Pharmaceutical Limited,14964183.0,0.12682599095608207,81.00038782177097,Gold
Runolfsson-Powlowski Pharmaceutical Limited,14949597.0,0.12670237018078911,81.12709019195177,Gold
"Rosenbaum, Klein and Herzog Pharmaceutical Ltd",14918650.0,0.12644008496668036,81.25353027691844,Gold
"Will, McGlynn and Fritsch Pharmaceutical Ltd",14912794.0,0.1263904535900099,81.37992073050845,Gold
Crist Ltd Pharma Plc,14899138.0,0.1262747148468726,81.50619544535532,Gold
Kozey-Schroeder Pharm,14886170.0,0.12616480711246983,81.63236025246779,Gold
West Group Pharm,14837356.0,0.1257510936526351,81.75811134612043,Gold
"Kertzmann, Quitzon and Harris Pharmaceutical Limited",14835040.0,0.12573146484997647,81.8838428109704,Gold
"Wisozk, Brekke and Bartoletti ",14805318.0,0.12547956188252435,82.00932237285294,Gold
Legros-Runte Pharmaceutical Ltd,14770636.0,0.12518562141024203,82.13450799426317,Gold
Konopelski-Blick Pharmaceutical Limited,14748118.0,0.1249947745284344,82.2595027687916,Gold
Kozey-Schroeder Pharma Plc,14723207.0,0.12478364624560687,82.38428641503721,Gold
Cremin-Zemlak Pharma Plc,14709283.0,0.12466563612116022,82.50895205115837,Gold
Hermiston LLC Pharm,14705734.0,0.12463555726941782,82.63358760842779,Gold
Lockman Ltd Pharm,14684247.0,0.12445344842540852,82.7580410568532,Gold
Denesik-Hintz Pharma Plc,14681500.0,0.12443016676698747,82.88247122362019,Gold
Rosenbaum-Tromp Pharm,14675189.0,0.1243766791272731,83.00684790274745,Gold
Vandervort LLC Pharm,14647896.0,0.124145362671763,83.13099326541922,Gold
"Bernier, Murphy and Rau Pharma Plc",14620034.0,0.1239092237686222,83.25490248918784,Gold
VonRueden-Adams Pharmaceutical Limited,14591022.0,0.12366333826657923,83.37856582745442,Gold
Fahey-Flatley ,14572760.0,0.12350856227601296,83.50207438973044,Gold
Waelchi LLC Pharm,14555977.0,0.1233663212591652,83.62544071098961,Gold
Huels-Klein Pharmaceutical Ltd,14550335.0,0.12331850359742087,83.74875921458703,Gold
Franecki Inc Pharma Plc,14514932.0,0.12301845243139209,83.87177766701842,Gold
Crist LLC ,14504025.0,0.12292601229728266,83.9947036793157,Gold
Parisian Ltd Pharmacy,14442606.0,0.12240546763817688,84.11710914695388,Gold
Schaefer LLC Pharma Plc,14407122.0,0.12210472997257324,84.23921387692646,Gold
D'Amore and Sons Pharmacy,14282238.0,0.12104630018361921,84.36026017711008,Gold
Denesik-Hintz Pharmaceutical Limited,14276666.0,0.1209990757931124,84.48125925290319,Gold
Trantow LLC Pharm,14220908.0,0.12052650982651542,84.6017857627297,Gold
"Erdman, Senger and Oberbrunner Pharmaceutical Ltd",14186478.0,0.12023470513068821,84.72202046786039,Gold
Breitenberg-Kuhn ,14175297.0,0.12013994276344904,84.84216041062383,Gold
"Zieme, Doyle and Kunze Pharmacy",14150953.0,0.11993361997764543,84.96209403060148,Gold
Crist Inc Pharma Plc,14113368.0,0.11961507569961272,85.08170910630109,Gold
Wolff Group ,14111671.0,0.1196006931097545,85.20130979941085,Gold
White Inc Pharmacy,14110472.0,0.11959053122098608,85.32090033063184,Gold
Wolff Group Pharmaceutical Ltd,14092909.0,0.11944167946749164,85.44034201009933,Gold
Heidenreich Group Pharm,14083983.63317,0.11936603427571196,85.55970804437504,Gold
Rohan PLC Pharmacy,13978216.0,0.11846962149541752,85.67817766587046,Gold
Jakubowski Inc Pharma Plc,13945119.0,0.11818911437901342,85.79636678024947,Gold
Weber Ltd Pharmacy,13939423.0,0.11814083905088586,85.91450761930035,Gold
"Parisian, Hagenes and Skiles Pharmacy",13925511.0,0.11802293063007993,86.03253054993043,Gold
McCullough LLC Pharmaceutical Limited,13922199.0,0.11799486042524171,86.15052541035567,Gold
"Daniel, Baumbach and Nitzsche Pharmacy",13915632.5089,0.11793920742094058,86.26846461777662,Gold
"Hammes, Bashirian and Pacocha ",13911219.0,0.11790180159398458,86.3863664193706,Gold
Welch-Orn Pharmacy,13905998.0,0.11785755203496878,86.50422397140557,Gold
Smith Inc Pharm,13889587.0,0.11771846383098329,86.62194243523655,Gold
Funk and Sons Pharm,13871742.0,0.11756722204193197,86.73950965727848,Gold
"Torphy, Pfeffer and Jakubowski Pharmaceutical Ltd",13807772.0,0.11702505688387017,86.85653471416235,Gold
Balistreri Group Pharmacy,13660437.0,0.11577634805843585,86.97231106222078,Gold
"Hahn, Rutherford and Gislason Pharmacy",13647046.0,0.11566285527069776,87.08797391749148,Gold
Hill Ltd Pharma Plc,13628308.0,0.11550404503571635,87.2034779625272,Gold
"Bogan, Jacobs and Kris Pharmaceutical Limited",13625131.0,0.1154771189968362,87.31895508152404,Gold
"Fritsch, Hodkiewicz and Sipes Pharmacy",13618070.0,0.11541727487957695,87.43437235640361,Gold
Wehner-Stehr Pharm,13605696.0,0.11531240147538972,87.549684757879,Gold
Marquardt PLC Pharmaceutical Ltd,13589800.0,0.11517767805265174,87.66486243593165,Gold
Koch-Osinski Pharmaceutical Ltd,13539952.0,0.11475520112910845,87.77961763706077,Gold
Sauer and Sons ,13536070.0,0.1147223000013361,87.8943399370621,Gold
Feest-Kshlerin ,13525280.0,0.11463085147772369,88.00897078853983,Gold
"Buckridge, Hand and Hyatt ",13511491.0,0.11451398551923511,88.12348477405907,Gold
Kris LLC Pharmaceutical Limited,13490977.0,0.1143401231454274,88.23782489720449,Gold
Collins-Schmidt Pharma Plc,13474719.361,0.11420233472244558,88.35202723192694,Gold
Nader-Borer Pharmaceutical Limited,13453890.0,0.11402579956848449,88.46605303149542,Gold
Kunze PLC Pharma Plc,13453584.0,0.11402320612564616,88.58007623762107,Gold
Purdy Ltd ,13411245.0,0.11366437025528228,88.69374060787635,Gold
"McClure, Zemlak and Dibbert Pharmacy",13354207.0,0.11318095590034202,88.8069215637767,Gold
Kling Inc Pharm,13323467.0,0.11292042507403564,88.91984198885073,Gold
Crist Inc Pharmaceutical Ltd,13297454.0,0.1126999570068688,89.0325419458576,Gold
Fritsch-Hauck Pharm,13243526.0,0.11224290084548136,89.14478484670309,Gold
"Kirlin, Hamill and Dickinson Pharma Plc",13231664.0,0.11214236679663143,89.25692721349972,Gold
Ward Group Pharm,13188028.0,0.1117725384577666,89.3686997519575,Gold
Bartoletti-Altenwerth Pharm,13173562.0,0.11164993471888082,89.48034968667638,Gold
Rogahn-Klein Pharm,13172559.0,0.11164143398957747,89.59199112066595,Gold
Beier PLC ,13148370.25753,0.11143642705844471,89.7034275477244,Gold
Walter Ltd Pharmaceutical Limited,13129692.52764,0.11127812763093106,89.81470567535533,Gold
"Brakus, Rempel and Harber Pharm",13020611.0,0.1103536285895904,89.92505930394492,Gold
Welch-Langworth Pharm,13016333.0,0.11031737124167437,90.0353766751866,Gold
West Group Pharma Plc,13001329.0,0.11019020778956308,90.14556688297615,Gold
"Armstrong, Medhurst and Bogisich Pharmacy",12992274.0,0.11011346391733783,90.2556803468935,Gold
Bayer LLC Pharm,12960048.0,0.10984033879018917,90.36552068568369,Gold
Zemlak Group Pharmacy,12872896.110553,0.10910170008583689,90.47462238576952,Gold
Koss-Beier Pharmaceutical Limited,12833771.0,0.10877010290360845,90.58339248867313,Gold
Bashirian Group ,12813673.0,0.10859976625601231,90.69199225492913,Gold
Collins-Schmidt Pharmaceutical Limited,12781136.0,0.10832400530950838,90.80031626023865,Gold
Marquardt-Ryan Pharm,12679857.0,0.10746563505715039,90.9077818952958,Gold
Ondricka Ltd Pharmaceutical Ltd,12670917.0,0.10738986584481534,91.0151717611406,Gold
"Johnson, Friesen and Torphy Pharm",12656990.0,0.10727183029445851,91.12244359143507,Gold
"Denesik, Walter and Beatty ",12650974.0,0.10722084286924514,91.22966443430431,Gold
Schaden-Hirthe ,12523819.0,0.10614316566628519,91.3358075999706,Gold
"Hahn, Rutherford and Gislason Pharm",12465536.0,0.10564919955862043,91.44145679952922,Gold
Feest-Roob Pharmacy,12432676.0,0.10537070108912049,91.54682750061833,Gold
"Kirlin, Hamill and Dickinson Pharmaceutical Limited",12394267.0,0.10504517316109181,91.65187267377942,Gold
Konopelski-Blick ,12360135.0,0.10475589410567576,91.7566285678851,Gold
"Pfannerstill, Upton and Balistreri Pharm",12344160.0,0.10462050113396969,91.86124906901907,Gold
Jast-Cruickshank Pharmacy,12331196.0,0.10451062730078048,91.96575969631985,Gold
Armstrong Inc Pharma Plc,12315560.0,0.10437810745692472,92.07013780377677,Gold
"Schinner, Gaylord and Treutel Pharmacy",12306464.0,0.10430101609726034,92.17443881987404,Gold
"Upton, Abernathy and Goodwin Pharmaceutical Limited",12302834.0,0.1042702507459431,92.27870907061998,Gold
"Blick, Pacocha and Schowalter Pharmacy",12145917.0,0.1029403315633953,92.38164940218337,Gold
Leuschke PLC Pharm,12135998.0,0.10285626502903834,92.4845056672124,Gold
"Blick, Pacocha and Schowalter Pharmaceutical Limited",12122039.0,0.10273795826897293,92.58724362548138,Gold
Tillman Group Pharmaceutical Limited,12103140.0,0.10257778351014521,92.68982140899152,Gold
Murray PLC ,12013852.0,0.10182104062077485,92.7916424496123,Gold
Zemlak-Witting Pharmaceutical Limited,11948953.0,0.10127100190586077,92.89291345151815,Gold
Mraz-Kutch Pharmacy,11938923.0,0.10118599461282718,92.99409944613099,Gold
Rohan and Sons Pharmaceutical Limited,11842430.0,0.10036818716250896,93.09446763329349,Gold
Moore PLC Pharm,11821594.0,0.10019159574100865,93.1946592290345,Gold
Ondricka-Waters Pharmaceutical Limited,11726828.0,0.09938842513965045,93.29404765417415,Gold
Kuhic LLC Pharmaceutical Limited,11710499.77551,0.09925003848322574,93.39329769265737,Gold
"Hammes, Bashirian and Pacocha Pharmacy",11667849.0,0.09888856022082403,93.4921862528782,Gold
Kihn Group Pharm,11299828.0,0.09576947059076214,93.58795572346897,Gold
"Barrows, Zboncak and Reichert Pharma Plc",11129458.0,0.09432553315166589,93.68228125662063,Gold
"Haag, Bradtke and Terry Pharm",11107603.0,0.09414030539600791,93.77642156201664,Gold
"Schinner, Gaylord and Treutel Pharmaceutical Limited",11028227.0,0.09346756971387078,93.8698891317305,Gold
"Roob, Ernser and Kub Pharmaceutical Ltd",10990529.0,0.09314806772655464,93.96303719945706,Gold
"Gerhold, Mills and Effertz ",10508296.0,0.08906099674535077,94.05209819620241,Gold
"Gerhold, Mills and Effertz Pharma Plc",10465861.0,0.08870134724586112,94.14079954344827,Gold
Feest-Kshlerin Pharma Plc,10446536.0,0.08853756200778791,94.22933710545605,Gold
Doyle-Tillman Pharmaceutical Ltd,7158142.0,0.060667425181471724,94.29000453063753,Gold
Kreiger Inc Pharma Plc,7063000.0,0.0598610678660377,94.34986559850357,Gold
Carter-Conn Pharma Plc,6825490.0,0.05784809855712327,94.4077136970607,Gold
Boyer and Sons Pharmaceutical Limited,6574331.0,0.05571944983219532,94.4634331468929,Gold
Koss Ltd Pharmaceutical Limited,6361234.0,0.053913388105018605,94.51734653499791,Gold
Nader-Gaylord Pharmaceutical Ltd,6200373.0,0.05255004232588811,94.5698965773238,Gold
Balistreri-Watsica Pharmacy,6114088.0,0.05181875077260749,94.62171532809641,Gold
Purdy Ltd Pharmaceutical Limited,5462556.0,0.04629681940224146,94.66801214749866,Gold
Streich PLC Pharmaceutical Limited,5287741.0,0.04481520923956252,94.71282735673822,Gold
Feest-Kshlerin Pharmaceutical Ltd,5283949.0,0.044783070889095576,94.75761042762731,Gold
"Nitzsche, Effertz and Maggio Pharmacy",5223760.0,0.0442729508531634,94.80188337848048,Gold
Crist Inc ,5137959.0,0.043545761346725075,94.8454291398272,Gold
Leuschke PLC Pharmacy,5137740.0,0.04354390525528196,94.88897304508248,Gold
Nader-Borer Pharma Plc,5079190.0,0.04304767624161121,94.9320207213241,Gold
"Kilback, Beer and Batz Pharma Plc",5009905.0,0.042460464846014664,94.97448118617011,Gold
"Blick, Pacocha and Schowalter ",4866124.0,0.0412418772488397,95.01572306341895,Regular
Ward Group Pharmaceutical Limited,4787357.0,0.040574303026469014,95.05629736644542,Regular
Jakubowski Inc Pharmaceutical Limited,4784385.0,0.04054911442478448,95.0968464808702,Regular
Balistreri Group Pharmaceutical Ltd,4643931.0,0.03935872416199863,95.1362052050322,Regular
"Ondricka, Rosenbaum and Beahan ",4642387.0,0.039345638293559554,95.17555084332575,Regular
"Crist, Wisoky and Nolan Pharmaceutical Ltd",4637033.0,0.03930026151919247,95.21485110484494,Regular
"Moen, Murazik and Smith ",4581024.0,0.03882556825144379,95.25367667309638,Regular
Ondricka Ltd Pharmacy,4578864.0,0.038807261596114515,95.2924839346925,Regular
Lindgren-Simonis Pharm,4571771.0,0.03874714626914669,95.33123108096164,Regular
Daugherty-Rempel Pharma Plc,4546602.0,0.03853383135804371,95.36976491231968,Regular
"Buckridge, Hand and Hyatt Pharma Plc",4539521.0,0.038473817734716594,95.40823873005439,Regular
Keeling LLC Pharmacy,4530078.0,0.038393785444774786,95.44663251549916,Regular
Walsh-Brown Pharmacy,4516298.0,0.03827699576401675,95.48490951126318,Regular
"Cormier, Dietrich and Zulauf Pharma Plc",4507086.0,0.03819892126915877,95.52310843253234,Regular
"Schowalter, Runolfsson and VonRueden Pharmaceutical Ltd",4480859.0,0.03797663948706581,95.56108507201941,Regular
Rutherford and Sons ,4480098.0,0.0379701897811836,95.59905526180059,Regular
"Towne, Cummerata and Blanda Pharm",4477560.0,0.037948679461171704,95.63700394126175,Regular
Ritchie-Rodriguez Pharm,4467582.0,0.037864112883914544,95.67486805414566,Regular
Botsford and Sons Pharmaceutical Ltd,4444486.0,0.037668367276745635,95.71253642142241,Regular
Heller-Abernathy ,4394462.0,0.03724439869980514,95.74978082012223,Regular
Roob PLC ,4390668.0,0.03721224339873142,95.78699306352095,Regular
Welch-Orn ,4375067.0,0.0370800201904944,95.82407308371145,Regular
"Bernier, Murphy and Rau Pharmaceutical Ltd",4338922.0,0.036773680349347866,95.8608467640608,Regular
"Erdman, Senger and Oberbrunner Pharm",4230846.0,0.03585770345982644,95.89670446752062,Regular
"Roob, Ernser and Kub Pharmaceutical Limited",4206718.0,0.03565321133955576,95.93235767886017,Regular
Funk PLC Pharmaceutical Limited,4191722.0,0.03552611568987162,95.96788379455005,Regular
Vandervort LLC Pharma Plc,4184133.0,0.03546179661242077,96.00334559116247,Regular
"Steuber, Skiles and Kilback Pharma Plc",4182127.0,0.03544479515381405,96.03879038631628,Regular
"Wintheiser, Breitenberg and Gottlieb Pharmaceutical Limited",4176930.0,0.035400749002079686,96.07419113531836,Regular
Mills Inc Pharma Plc,4170514.0,0.035346371455509035,96.10953750677386,Regular
Torp-Fisher Pharma Plc,4160580.0,0.03526217779160118,96.14479968456546,Regular
"Leuschke, Waters and Schowalter Pharmaceutical Ltd",4129060.0,0.03499503622864811,96.1797947207941,Regular
Powlowski-Buckridge Pharma Plc,4039277.0,0.03423409806409814,96.21402881885821,Regular
Kling Inc Pharmaceutical Ltd,4017753.0,0.03405167563386331,96.24808049449207,Regular
Hayes-Kilback Pharmaceutical Ltd,3964929.0,0.033603976207421914,96.28168447069949,Regular
Kozey Ltd Pharmaceutical Ltd,3927833.0,0.03328957635274847,96.31497404705223,Regular
Rohan Inc ,3926971.0,0.03328227064122355,96.34825631769345,Regular
Mraz Group Pharmacy,3907690.0,0.033118858316499626,96.38137517600995,Regular
"Funk, Ratke and Heaney Pharmacy",3897042.0,0.03302861328596903,96.41440378929592,Regular
Osinski-Collins Pharmaceutical Ltd,3884234.8,0.032920068380351886,96.44732385767627,Regular
Gibson-Hill Pharma Plc,3867089.0,0.032774752523433086,96.4800986101997,Regular
Heidenreich Group Pharmaceutical Ltd,3849892.0,0.03262900273098055,96.51272761293069,Regular
Spencer-Jerde Pharmacy,3830684.0,0.03246620910340432,96.5451938220341,Regular
Will and Sons Pharmaceutical Limited,3773857.0,0.03198458303748002,96.57717840507158,Regular
Trantow LLC Pharma Plc,3768587.0,0.03193991818859796,96.60911832326018,Regular
"Spinka, Schowalter and Conn Pharmaceutical Limited",3752993.0,0.0318077543074847,96.64092607756766,Regular
Nader-Gaylord Pharmaceutical Limited,3707047.0,0.0314183480177816,96.67234442558544,Regular
Medhurst-Beer Pharmaceutical Limited,3694840.0,0.03131488998926104,96.7036593155747,Regular
Emard-O'Connell Pharmacy,3676546.0,0.031159842788986186,96.73481915836368,Regular
Jast-Cruickshank Pharma Plc,3665136.0,0.03106313957726999,96.76588229794095,Regular
Breitenberg-Kuhn Pharmacy,3648594.0,0.03092294110853999,96.79680523904949,Regular
Hansen Group Pharm,3631981.0,0.030782140893269073,96.82758737994276,Regular
Reilly Ltd ,3627565.0,0.030744713953484784,96.85833209389624,Regular
Block-Romaguera Pharmaceutical Limited,3611190.0,0.030605930860421446,96.88893802475665,Regular
"Kub, Von and Herzog Pharmacy",3602060.0,0.030528551340441704,96.9194665760971,Regular
Stanton-Cole ,3577304.0,0.030318736729640115,96.94978531282673,Regular
Koss-Beier ,3560602.0,0.030177182212367204,96.9799624950391,Regular
Mante-Grady Pharm,3553977.0,0.030121033327387376,97.0100835283665,Regular
"McClure, Zemlak and Dibbert Pharma Plc",3536029.0,0.029968918582086564,97.04005244694858,Regular
Hermiston LLC ,3507057.0,0.029723372092179325,97.06977581904076,Regular
Kunze PLC Pharm,3501226.0,0.02967395259809369,97.09944977163885,Regular
Kertzmann-Ward Pharma Plc,3495786.0,0.02962784694763478,97.12907761858648,Regular
"Denesik, Walter and Beatty Pharma Plc",3484514.0,0.029532313327786844,97.15860993191427,Regular
Hill Ltd ,3483214.0,0.02952129543337571,97.18813122734764,Regular
Marquardt-Ryan Pharmaceutical Ltd,3454170.0,0.02927513872162416,97.21740636606927,Regular
"Effertz, Heaney and Tillman Pharmaceutical Ltd",3432986.0,0.02909559789454301,97.24650196396381,Regular
Herman-Koss Pharm,3426586.0,0.029041355952826656,97.27554331991664,Regular
McCullough LLC Pharma Plc,3408632.0,0.02888919035570548,97.30443251027233,Regular
"Kuphal, D'Amore and Bode Pharmaceutical Ltd",3400026.0,0.028816251894703764,97.33324876216705,Regular
Parisian Ltd Pharm,3381766.0,0.02866149285474428,97.36191025502178,Regular
Schaden-Hirthe Pharmaceutical Ltd,3352381.0,0.028412446064535652,97.39032270108632,Regular
"Nolan, DuBuque and Schultz Pharm",3343612.0,0.028338126129080852,97.4186608272154,Regular
Schmitt LLC Pharm,3341084.0,0.02831670056210289,97.4469775277775,Regular
Botsford PLC Pharmacy,3338687.0,0.028296385259869435,97.47527391303737,Regular
Romaguera-Fay Pharmaceutical Limited,3329758.0,0.028220709275871718,97.50349462231324,Regular
Gerlach LLC ,3319091.0,0.028130303214576657,97.53162492552782,Regular
"Gleichner, Bahringer and Morar Pharma Plc",3312361.0,0.028073264422740548,97.55969818995057,Regular
"Kshlerin, Ryan and Leuschke Pharma Plc",3293958.0,0.027917293414395836,97.58761548336496,Regular
Beier PLC Pharmacy,3264824.0,0.0276703739253389,97.61528585729029,Regular
Kutch-Marks Pharm,3231751.0,0.02739007021621622,97.6426759275065,Regular
Lesch PLC Pharmacy,3230884.0,0.027382722128174334,97.67005864963468,Regular
"Johnson, Friesen and Torphy Pharma Plc",3226534.0,0.027345854558414002,97.6974045041931,Regular
"Lebsack, Yost and Heller Pharmaceutical Limited",3206856.0,0.02717907753824298,97.72458358173135,Regular
Barrows Inc ,3190339.0,0.027039090952097812,97.75162267268345,Regular
Fadel-West ,3189603.0,0.027032853128800428,97.77865552581225,Regular
Erdman PLC Pharmacy,3183228.0,0.026978823069668898,97.80563434888192,Regular
Funk and Sons Pharmaceutical Limited,3182287.0,0.026970847809175916,97.8326051966911,Regular
Waelchi LLC Pharmacy,3168766.0,0.026856253231996717,97.8594614499231,Regular
Runte-Marquardt Pharmaceutical Ltd,3158566.0,0.02676980513738627,97.8862312550605,Regular
"Gerhold, Mills and Effertz Pharm",3138581.0,0.026600426199073546,97.91283168125956,Regular
Crona Group Pharma Plc,3129089.0,0.026519978619265475,97.93935165987882,Regular
Zemlak-Witting Pharmacy,3125023.0,0.0264855180356688,97.9658371779145,Regular
Bosco-Marquardt Pharm,3124277.0,0.026479195459337485,97.99231637337382,Regular
"Romaguera, Moen and Hagenes Pharmaceutical Limited",3111337.0,0.026369525033429722,98.01868589840726,Regular
Lesch PLC Pharmaceutical Ltd,3107873.0,0.026340166582475743,98.04502606498973,Regular
Prohaska-Kuhic Pharmacy,3101884.0,0.02628940799045398,98.07131547298017,Regular
Miller-Satterfield Pharma Plc,3091263.0,0.026199391793115007,98.09751486477329,Regular
Haley PLC Pharmaceutical Limited,3083122.0,0.02613039434819112,98.12364525912147,Regular
"Sanford, Franecki and Greenholt ",3070886.0,0.026026690535872157,98.14967194965735,Regular
Cassin PLC Pharmacy,3055438.0,0.025895764049054297,98.1755677137064,Regular
"Runolfsson, Swaniawski and Jaskolski Pharmacy",3043450.0,0.025794162111976843,98.20136187581838,Regular
"Heathcote, Grant and Witting Pharm",3030441.0,0.02568390689013495,98.22704578270852,Regular
"Yundt, Leuschke and Ward Pharmaceutical Ltd",3029636.0,0.025677084270903434,98.25272286697943,Regular
Schaefer Group Pharmaceutical Limited,2989447.0,0.025336470302834885,98.27805933728226,Regular
Fritsch-Hauck Pharma Plc,2973355.0,0.02520008572063182,98.30325942300288,Regular
Sauer and Sons Pharmaceutical Limited,2973298.0,0.025199602628338404,98.32845902563122,Regular
"Upton, Abernathy and Goodwin Pharmaceutical Ltd",2971636.0,0.025185516674098938,98.35364454230532,Regular
"Beer, Kohler and Beatty Pharmaceutical Ltd",2959937.0,0.025086364099702115,98.37873090640502,Regular
Lockman Ltd ,2957683.0,0.025067260765853885,98.40379816717088,Regular
"Parisian, Hagenes and Skiles Pharma Plc",2946576.0,0.024973125571065822,98.42877129274194,Regular
Senger-Kirlin Pharmacy,2918224.0,0.024732833769262354,98.4535041265112,Regular
Buckridge-Davis ,2894720.0,0.024533630238309026,98.47803775674952,Regular
"Rosenbaum, Klein and Herzog ",2864547.0,0.024277904909026576,98.50231566165854,Regular
Gottlieb-Cruickshank Pharma Plc,2848546.0,0.024142291579432283,98.52645795323798,Regular
Lockman-Welch Pharm,2837300.0,0.02404697831747257,98.55050493155545,Regular
"Paucek, Keeling and Bruen Pharm",2835262.0,0.024029705649157268,98.57453463720461,Regular
Veum-Kerluke Pharmacy,2832805.0,0.024008881828720224,98.59854351903333,Regular
"Kertzmann, Quitzon and Harris Pharma Plc",2819581.0,0.023896804416648796,98.62244032344998,Regular
"Balistreri, Torp and Gulgowski Pharmacy",2792805.0,0.02366986969299298,98.64611019314297,Regular
Barton Ltd Pharma Plc,2789921.0,0.023645426918007043,98.66975562006098,Regular
"Koch, Borer and Hagenes ",2787706.0,0.02362665412099115,98.69338227418197,Regular
"Wunsch, Mills and Walter ",2757470.0,0.023370394847594927,98.71675266902956,Regular
"Casper, Hyatt and Jakubowski Pharmaceutical Limited",2748326.0,0.023292896673367678,98.74004556570293,Regular
"Hirthe, Williamson and Macejkovic Pharma Plc",2735314.0,0.02318261602561561,98.76322818172855,Regular
Mann-Waelchi Pharm,2728045.0,0.023121009045250576,98.7863491907738,Regular
Schulist-Zulauf Pharm,2726406.0,0.02310711802298915,98.8094563087968,Regular
"Zieme, Doyle and Kunze ",2726368.0,0.02310679596146021,98.83256310475825,Regular
Buckridge-Strosin Pharmaceutical Limited,2717132.0,0.02302851805932079,98.85559162281757,Regular
Hermiston and Sons Pharma Plc,2715991.0,0.023018847738149172,98.87861047055571,Regular
Wolff Group Pharm,2712648.0,0.022990514798905768,98.90160098535462,Regular
Feest-Roob Pharmaceutical Ltd,2705799.0,0.02293246744596587,98.92453345280059,Regular
Kozey-Schroeder ,2692556.0,0.022820229003129973,98.94735368180372,Regular
"Schinner, Gaylord and Treutel Pharmaceutical Ltd",2690295.0,0.02280106634215799,98.97015474814587,Regular
Graham and Sons Pharmacy,2682005.0,0.022730806077028518,98.99288555422291,Regular
Steuber Ltd Pharmacy,2676869.0,0.022687276918801142,99.01557283114171,Regular
Welch-Langworth ,2674619.0,0.022668207486166485,99.03824103862787,Regular
Yundt-Crona Pharmaceutical Ltd,2667767.0,0.022610134707316407,99.0608511733352,Regular
D'Amore and Sons ,2652079.0,0.022477174147684183,99.08332834748288,Regular
Schaefer-Rolfson ,2631811.0,0.02230539669851119,99.10563374418139,Regular
Pfannerstill Group Pharmaceutical Ltd,2627854.0,0.022271859922984374,99.12790560410437,Regular
Raynor-Graham Pharmaceutical Limited,2624693.0,0.02224506948895853,99.15015067359333,Regular
Schaefer LLC Pharmacy,2620098.0,0.02220612546986686,99.1723567990632,Regular
"Buckridge, Dach and Carroll Pharmaceutical Limited",2606825.0,0.02209363276792917,99.19445043183113,Regular
Monahan Ltd ,2596736.0,0.022008125431995363,99.21645855726312,Regular
"Reynolds, Jast and Mante Pharma Plc",2595109.0,0.02199433611337466,99.2384528933765,Regular
Leannon-West Pharmacy,2559759.0,0.02169473413842571,99.26014762751493,Regular
Will and Sons Pharma Plc,2547983.0,0.02159492896566761,99.2817425564806,Regular
"McClure, Zemlak and Dibbert Pharmaceutical Limited",2530886.0,0.021450026703554396,99.30319258318414,Regular
Rohan PLC Pharmaceutical Limited,2521239.0,0.021368265451720377,99.32456084863587,Regular
Moore PLC Pharmaceutical Ltd,2513717.0,0.02130451421959687,99.34586536285546,Regular
"Bogan, Jacobs and Kris Pharmacy",2456080.0,0.020816023157924093,99.36668138601338,Regular
"Hills, Stroman and Ernser Pharm",2448488.0,0.020751678654563063,99.38743306466795,Regular
Kuhic LLC Pharma Plc,2423879.0,0.02054310991336027,99.40797617458131,Regular
Stehr-Champlin Pharmaceutical Limited,2413607.0,0.020456051596905514,99.42843222617822,Regular
"Beahan, Littel and Ondricka Pharmacy",2399758.0,0.02033867712021335,99.44877090329842,Regular
Denesik-Hintz Pharm,2392035.0,0.020273222352107812,99.46904412565053,Regular
"Schmitt, Berge and Haley Pharma Plc",2384835.0,0.02021220016767691,99.4892563258182,Regular
Leffler-Russel Pharm,2379629.0,0.02016807773821201,99.50942440355641,Regular
Schimmel-Waelchi Pharmaceutical Ltd,2377130.0,0.02014689795503245,99.52957130151144,Regular
"Hahn, Rutherford and Gislason Pharmaceutical Limited",2348617.0,0.01990524162938268,99.54947654314083,Regular
Lemke Ltd Pharm,2345679.0,0.01988034118801351,99.56935688432884,Regular
Koch-Osinski Pharm,2336644.0,0.019803766821856122,99.58916065115069,Regular
Bayer LLC Pharmaceutical Ltd,2324731.0,0.019702800532533156,99.60886345168322,Regular
Rogahn-Klein Pharmacy,2311818.0,0.01959335893981701,99.62845681062304,Regular
Rowe PLC Pharmaceutical Ltd,2271736.0,0.019253651829211526,99.64771046245225,Regular
"Herman, Rice and Rippin ",2270513.0,0.019243286533161666,99.66695374898542,Regular
Mraz-Kutch Pharm,2262808.0,0.01917798432051721,99.68613173330594,Regular
West Group Pharmacy,2260025.0,0.019154397551173985,99.70528613085712,Regular
"Grimes, Jacobs and Durgan Pharm",2243375.0,0.01901328374967752,99.72429941460679,Regular
Walter Ltd ,2232664.0,0.01892250477503316,99.74322191938182,Regular
Zemlak Group Pharmaceutical Limited,2228898.0,0.01889058678245444,99.76211250616427,Regular
"Hansen, Fadel and Schroeder Pharm",2225392.0,0.018860872368757945,99.78097337853303,Regular
"Greenholt, Donnelly and O'Reilly Pharmaceutical Limited",2195889.0,0.018610825492748923,99.79958420402578,Regular
"Haag, Bradtke and Terry Pharmacy",2105639.0,0.017845929361514336,99.81743013338729,Regular
Hartmann-Wolf ,2101036.0,0.017806917539995522,99.83523705092729,Regular
Okuneva-Corkery ,2095542.0,0.017760354223153387,99.85299740515045,Regular
Abernathy Group Pharmaceutical Limited,2079222.0,0.01762203727177667,99.87061944242222,Regular
Crona PLC Pharma Plc,2047523.0,0.017353378629516227,99.88797282105175,Regular
Feest PLC ,2021466.0,0.017132537649000107,99.90510535870075,Regular
Bashirian-Kassulke Pharma Plc,1997481.0,0.01692925749711466,99.92203461619786,Regular
Bartoletti-Altenwerth ,1993484.0,0.016895381709452116,99.93892999790731,Regular
"Harris, Daugherty and Okuneva Pharma Plc",1948473.0,0.016513899828421646,99.95544389773573,Regular
"Wiegand, Jast and Yost Pharma Plc",1796446.0,0.01522542487946651,99.9706693226152,Regular
"Brakus, Rempel and Harber Pharma Plc",1780951.0,0.01509410005338917,99.98576342266858,Regular
Pfeffer-Hodkiewicz Pharmaceutical Ltd,1679772.0,0.014236577331370504,99.99999999999996,Regular
